Datos conjuntos de interacción para tus publicaciones generales y patrocinadas a lo largo del tiempo. La fecha indica cuándo han visto tus publicaciones los miembros de LinkedIn. Los datos se muestran con hasta 2 días de retraso. Todas las fechas y horas se muestran en el huso horario UTC.																			
Fecha	Impresiones (orgánicas)	Impresiones (patrocinadas)	Impresiones (totales)	Impresiones únicas (orgánicas)	Clics (orgánicos)	Clics (patrocinados)	Clics (totales)	Reacciones (generales)	Reacciones (patrocinadas)	Reacciones (total)	Comentarios (orgánicos)	Comentarios (patrocinados)	Comentarios (totales)	Veces compartido (orgánico)	Veces compartido (patrocinado)	Veces compartido (total)	Tasa de interacción (orgánica)	Tasa de interacción (patrocinada)	Tasa de interacción (total)
03/01/2026	0	0	0	0	0	0	0	0	0	0	0	0	0	0	0	0	0	0	0
03/02/2026	1	0	1	1	0	0	0	0	0	0	0	0	0	0	0	0	0	0	0
03/03/2026	0	0	0	0	0	0	0	0	0	0	0	0	0	0	0	0	0	0	0
03/04/2026	0	0	0	0	0	0	0	0	0	0	0	0	0	0	0	0	0	0	0
03/05/2026	0	0	0	0	0	0	0	0	0	0	0	0	0	0	0	0	0	0	0
03/06/2026	0	0	0	0	0	0	0	0	0	0	0	0	0	0	0	0	0	0	0
03/07/2026	0	0	0	0	0	0	0	0	0	0	0	0	0	0	0	0	0	0	0
03/08/2026	0	0	0	0	0	0	0	0	0	0	0	0	0	0	0	0	0	0	0
03/09/2026	0	0	0	0	0	0	0	0	0	0	0	0	0	0	0	0	0	0	0
03/10/2026	0	0	0	0	0	0	0	0	0	0	0	0	0	0	0	0	0	0	0
03/11/2026	0	0	0	0	0	0	0	0	0	0	0	0	0	0	0	0	0	0	0
03/12/2026	203	0	203	143	142	0	142	1	0	1	0	0	0	0	0	0	0.7044334975	0	0.7044334975
03/13/2026	1786	0	1786	1425	1243	0	1243	1	0	1	0	0	0	0	0	0	0.6965285554	0	0.6965285554
03/14/2026	399	0	399	312	282	0	282	1	0	1	0	0	0	0	0	0	0.709273183	0	0.709273183
03/15/2026	327	0	327	274	319	0	319	1	0	1	0	0	0	0	0	0	0.9785932722	0	0.9785932722
03/16/2026	963	0	963	767	696	0	696	0	0	0	0	0	0	0	0	0	0.722741433	0	0.722741433
03/17/2026	977	0	977	794	705	0	705	1	0	1	0	0	0	0	0	0	0.7226202661	0	0.7226202661
03/18/2026	895	0	895	702	651	0	651	0	0	0	0	0	0	0	0	0	0.7273743017	0	0.7273743017
03/19/2026	658	0	658	521	526	0	526	0	0	0	0	0	0	0	0	0	0.7993920973	0	0.7993920973
03/20/2026	0	0	0	0	0	0	0	0	0	0	0	0	0	0	0	0	0	0	0
03/21/2026	2	0	2	2	2	0	2	0	0	0	0	0	0	0	0	0	1	0	1
03/22/2026	0	0	0	0	0	0	0	0	0	0	0	0	0	0	0	0	0	0	0
03/23/2026	0	0	0	0	0	0	0	0	0	0	0	0	0	0	0	0	0	0	0
03/24/2026	6	0	6	3	0	0	0	0	0	0	0	0	0	0	0	0	0	0	0
03/25/2026	7	0	7	1	0	0	0	0	0	0	0	0	0	0	0	0	0	0	0
03/26/2026	2	0	2	2	0	0	0	0	0	0	0	0	0	0	0	0	0	0	0
03/27/2026	0	0	0	0	0	0	0	0	0	0	0	0	0	0	0	0	0	0	0
03/28/2026	0	0	0	0	0	0	0	0	0	0	0	0	0	0	0	0	0	0	0
03/29/2026	0	0	0	0	0	0	0	0	0	0	0	0	0	0	0	0	0	0	0
03/30/2026	15	0	15	12	10	0	10	0	0	0	0	0	0	0	0	0	0.6666666667	0	0.6666666667
03/31/2026	11	0	11	10	4	0	4	0	0	0	0	0	0	0	0	0	0.3636363636	0	0.3636363636



Datos de interacción para cada publicación. La fecha de creación indica cuándo se ha creado tu publicación. Todas las fechas y horas se muestran en el huso horario UTC.																			
Título de la publicación	Enlace de la publicación	Tipo de publicación	Nombre de la campaña	Anunciado por	Fecha de creación	Fecha de inicio de campaña	Fecha de finalización de campaña	Público	Impresiones	Visualizaciones	Visualizaciones fuera del sitio	Clics	Porcentaje de clics	Recomendaciones	Comentarios	Veces compartido	Seguidores	Tasa de interacción	Tipo de contenido
El desperdicio de alimentos no es un problema de falta de tecnología, a veces es un problema de falta de memoria. 🧠  Mientras que un restaurante moderno lucha contra mermas del 30%, nuestras abuelas gestionaban inventarios con una precisión quirúrgica, sin software ni sensores. Ellas entendían algo que hoy la ciencia confirma: la humedad es el mejor amigo de la bacteria y el peor enemigo del margen.  En Vencol, no inventamos el hilo negro; tomamos la sabiduría de la sal gruesa y los trapos húmedos y la transformamos en ingeniería de polímeros. El resultado: carnes que conservan su frescura por 27 días más y una reducción drástica de mermas.  Es eficiencia moderna con alma de abuela.	https://www.linkedin.com/feed/update/urn:li:activity:7444462382501814273	Orgánico		Vencol  Internacional Corp.	03/30/2026			Todos los seguidores	135			68	0.5037037134	0	0	0		0.5037037134	
¿Cuántas ventas estás perdiendo porque tu cliente cree que la carne "viene con sangre"? En el retail cárnico, la educación es rentabilidad.  Como líderes en la industria, nuestro deber es transformar la percepción del consumidor a través de tecnología de empaque que gestione el exudado de forma impecable.  Menos líquido visible es igual a mayor confianza y rotación.  ¿Tu equipo sabe explicar la diferencia o están perdiendo clientes en silencio?	https://www.linkedin.com/feed/update/urn:li:activity:7437913717989683200	Orgánico		Vencol  Internacional Corp.	03/12/2026			Todos los seguidores	6217			4566	0.7344378233	5	0	0		0.7352420688	